Question,Answer
1. What is the range of values for correlation coefficients?,The range of values for correlation coefficients is from -1 to 1.
2. Which of the following statements about correlation is true?,"I don't know the answer to that question based on the provided context. The context only discusses the importance and use of correlation in statistics, but it does not provide specific information about a particular statement about correlation."
3. What is one common use of correlation in business?,"One common use of correlation in business is to identify the relationship between different business variables, such as sales, advertising spending, and customer satisfaction. This information can be used to make better business decisions, such as how to allocate marketing resources."
2. How is correlation used in finance to make better investment decisions?,"Correlation is used in finance to identify relationships between different financial assets, such as stocks, bonds, and commodities. This information can be used to build a diversified portfolio that reduces risk. For example, if there is a strong positive correlation between the returns of two stocks, it may indicate that they are highly correlated and should be avoided together in a portfolio. On the other hand, if there is a weak negative correlation, it may suggest that they could be good candidates for diversification.

Additionally, correlation can be used to identify patterns in market behavior, such as identifying which assets tend to perform well during certain economic conditions or periods of high volatility. This information can be used to make more informed investment decisions, such as allocating more assets to a particular sector or geographic region that is expected to perform well.

Correlation can also be used to identify potential risks and opportunities in the market. For example, if there is a strong correlation between the returns of two assets, it may indicate that they are highly correlated and could lead to significant losses if one asset performs poorly. On the other hand, if there is a weak negative correlation, it may suggest that diversification could help mitigate potential risks.

Overall, correlation plays an important role in finance by providing valuable insights into the relationships between different financial assets, which can be used to make better investment decisions and reduce risk."
